first_name,second_name,phone_number
John,Doe,123-456-7890
Jane,Smith,234-567-8901
Michael,Johnson,345-678-9012
Emily,Williams,456-789-0123
David,Brown,567-890-1234
Sarah,Jones,678-901-2345
Christopher,Davis,789-012-3456
Jessica,Miller,890-123-4567
Matthew,Wilson,901-234-5678
Amanda,Moore,012-345-6789
James,Taylor,123-456-7890
Jennifer,Anderson,234-567-8901
Daniel,Thomas,345-678-9012
Laura,Jackson,456-789-0123
Kevin,White,567-890-1234
Melissa,Harris,678-901-2345
Ryan,Martin,789-012-3456
Kimberly,Thompson,890-123-4567
Jason,Garcia,901-234-5678
Lauren,Martinez,012-345-6789
